{
  "f1": 0.1917808219178082,
  "precision": 1.0,
  "recall": 0.10606060606060606
}